segment_col,segment_value,n,churners,fp,fn,fp_rate,fn_rate
Contract,Month-to-month,776,208,320,12,0.5633802816901409,0.057692307692307696
Contract,One year,308,86,124,3,0.5585585585585585,0.03488372093023256
Contract,Two year,325,80,119,3,0.4857142857142857,0.0375
InternetService,DSL,463,127,192,5,0.5714285714285714,0.03937007874015748
InternetService,Fiber optic,640,163,264,11,0.5534591194968553,0.06748466257668712
InternetService,No,306,84,107,2,0.481981981981982,0.023809523809523808
SeniorCitizen,0,1180,311,488,12,0.5615650172612198,0.03858520900321544
SeniorCitizen,1,229,63,75,6,0.45180722891566266,0.09523809523809523
gender,Female,715,193,275,7,0.5268199233716475,0.03626943005181347
gender,Male,694,181,288,11,0.5614035087719298,0.06077348066298342
tenure_bucket,0-12,419,119,171,5,0.57,0.04201680672268908
tenure_bucket,13-24,189,52,71,3,0.5182481751824818,0.057692307692307696
tenure_bucket,25-48,350,86,143,4,0.5416666666666666,0.046511627906976744
tenure_bucket,49+,451,117,178,6,0.5329341317365269,0.05128205128205128
